{
   "delta_mean":{
      "0":23.5743302942,
      "1":23.5249103321,
      "2":23.478096186,
      "3":23.4324978176,
      "4":23.3892089023,
      "5":23.3479765002,
      "6":23.310792889,
      "7":23.2813136149,
      "8":23.2621035114,
      "9":23.2528088915,
      "10":23.2511384334,
      "11":23.2533642009,
      "12":23.2564231999,
      "13":23.2594019804,
      "14":23.2614030281,
      "15":23.2613237017,
      "16":23.2578650795,
      "17":23.2502155014,
      "18":23.2391537877,
      "19":23.2266397614,
      "20":23.2146069955,
      "21":23.2046500171,
      "22":23.1974327519,
      "23":23.1932721593,
      "24":23.192738872,
      "25":23.1957139939,
      "26":23.2005469288,
      "27":23.2050709357,
      "28":23.207482492,
      "29":23.2062872646,
      "30":23.2000169728,
      "31":23.1871624711,
      "32":23.1662052867,
      "33":23.1355488542,
      "34":23.0940912158,
      "35":23.0413094917,
      "36":22.9770174874,
      "37":22.9006477861,
      "38":22.810787533,
      "39":22.7053667882
   },
   "delta_std":{
      "0":26.9394932909,
      "1":27.1135655847,
      "2":27.2663150149,
      "3":27.4063202781,
      "4":27.5334555419,
      "5":27.6513247016,
      "6":27.7568938854,
      "7":27.8421369135,
      "8":27.9005528911,
      "9":27.9314382956,
      "10":27.9377697554,
      "11":27.9276500767,
      "12":27.9096590822,
      "13":27.8836495596,
      "14":27.847767149,
      "15":27.7975971924,
      "16":27.7295075091,
      "17":27.6387546555,
      "18":27.5255644572,
      "19":27.391939489,
      "20":27.2371749942,
      "21":27.0618679018,
      "22":26.8637627578,
      "23":26.6344766174,
      "24":26.3664327827,
      "25":26.0641303227,
      "26":25.7382860371,
      "27":25.3932716178,
      "28":25.0282702962,
      "29":24.6443326325,
      "30":24.2497184204,
      "31":23.8551876917,
      "32":23.4649581887,
      "33":23.0748075356,
      "34":22.6852537638,
      "35":22.3016721944,
      "36":21.930587121,
      "37":21.5743799011,
      "38":21.2302314657,
      "39":20.8928178001
   },
   "delta_entropy":{
      "0":-31423.6672698,
      "1":-31635.2810804,
      "2":-31817.9485355,
      "3":-31983.0487829,
      "4":-32131.4674032,
      "5":-32268.4167576,
      "6":-32391.3600636,
      "7":-32491.7562253,
      "8":-32562.058815,
      "9":-32600.4193326,
      "10":-32608.5939094,
      "11":-32594.9553523,
      "12":-32569.5660965,
      "13":-32531.0420402,
      "14":-32475.2681723,
      "15":-32393.7669118,
      "16":-32279.198016,
      "17":-32123.2252122,
      "18":-31927.7449671,
      "19":-31699.0763685,
      "20":-31439.209092,
      "21":-31151.7889553,
      "22":-30834.8451217,
      "23":-30476.7178216,
      "24":-30067.8452619,
      "25":-29616.5157548,
      "26":-29138.1671267,
      "27":-28637.716906,
      "28":-28112.8700062,
      "29":-27564.5417253,
      "30":-27003.7419721,
      "31":-26444.2155862,
      "32":-25889.9886488,
      "33":-25333.4958971,
      "34":-24774.3413458,
      "35":-24218.9992007,
      "36":-23675.3188005,
      "37":-23145.0594086,
      "38":-22622.5671726,
      "39":-22098.7828763
   },
   "theta_mean":{
      "0":14.5154006717,
      "1":14.4715885002,
      "2":14.4312761652,
      "3":14.3911639053,
      "4":14.3509911882,
      "5":14.3101162076,
      "6":14.270779417,
      "7":14.237680358,
      "8":14.2149843723,
      "9":14.2035150814,
      "10":14.2013486935,
      "11":14.2044586344,
      "12":14.2092306563,
      "13":14.2147556506,
      "14":14.2200947211,
      "15":14.2239793921,
      "16":14.224337703,
      "17":14.2191029682,
      "18":14.2075165789,
      "19":14.2041569432,
      "20":14.2760239435,
      "21":14.3547248153,
      "22":14.4371339,
      "23":14.52437598,
      "24":14.6170051642,
      "25":14.7110442039,
      "26":14.8003690278,
      "27":14.8808469209,
      "28":14.9500281295,
      "29":15.0055007807,
      "30":15.0441066923,
      "31":15.0628828939,
      "32":15.0599821027,
      "33":15.0343899527,
      "34":14.9858923132,
      "35":14.9154347507,
      "36":14.8248541239,
      "37":14.7158496752,
      "38":14.5896336554,
      "39":14.4482748812
   },
   "theta_std":{
      "0":23.6350787508,
      "1":23.7509428742,
      "2":23.8516829469,
      "3":23.9443193621,
      "4":24.0295793005,
      "5":24.1101652156,
      "6":24.1838484079,
      "7":24.2444891328,
      "8":24.2866551014,
      "9":24.3091496047,
      "10":24.3137908413,
      "11":24.30631915,
      "12":24.292953796,
      "13":24.2735932695,
      "14":24.2469980398,
      "15":24.2102662215,
      "16":24.1614367156,
      "17":24.098145699,
      "18":24.0216564481,
      "19":23.926047874,
      "20":23.7719792829,
      "21":23.6010165347,
      "22":23.4138147601,
      "23":23.2041545094,
      "24":22.966845119,
      "25":22.7071937694,
      "26":22.4351385747,
      "27":22.1548401904,
      "28":21.8661713498,
      "29":21.5704881778,
      "30":21.2745825359,
      "31":20.9868570318,
      "32":20.7106222059,
      "33":20.4429647183,
      "34":20.1840745845,
      "35":19.937066074,
      "36":19.7053779942,
      "37":19.4893694998,
      "38":19.2855844666,
      "39":19.0878102825
   },
   "theta_entropy":{
      "0":-31424.5140231,
      "1":-31635.9540651,
      "2":-31818.3595543,
      "3":-31983.1566423,
      "4":-32131.2865572,
      "5":-32267.9943843,
      "6":-32390.7702099,
      "7":-32491.0773974,
      "8":-32561.3453894,
      "9":-32599.6963993,
      "10":-32607.870072,
      "11":-32594.231699,
      "12":-32568.8410258,
      "13":-32530.3147514,
      "14":-32474.5449714,
      "15":-32393.0769342,
      "16":-32278.6213155,
      "17":-32122.9269283,
      "18":-31927.9558791,
      "19":-31699.9386385,
      "20":-31440.6420438,
      "21":-31154.003024,
      "22":-30838.2600608,
      "23":-30481.9558866,
      "24":-30075.7369774,
      "25":-29627.9343404,
      "26":-29153.7849068,
      "27":-28657.9077022,
      "28":-28137.6871413,
      "29":-27593.6627991,
      "30":-27036.3890637,
      "31":-26479.1914546,
      "32":-25925.855517,
      "33":-25368.7781277,
      "34":-24807.7003111,
      "35":-24249.4060905,
      "36":-23702.1541013,
      "37":-23168.1002966,
      "38":-22641.9256145,
      "39":-22114.8533505
   },
   "alpha_mean":{
      "0":9.2963350746,
      "1":9.22757693,
      "2":9.1659435206,
      "3":9.1296075288,
      "4":9.0902805206,
      "5":9.0462090601,
      "6":9.0012623998,
      "7":8.9740080899,
      "8":8.966567602,
      "9":8.9635277264,
      "10":8.9627178337,
      "11":8.9645658295,
      "12":8.9688923412,
      "13":8.9762645111,
      "14":8.9874873728,
      "15":9.0021642787,
      "16":9.0158686824,
      "17":9.0241373629,
      "18":9.0241109771,
      "19":9.0674091058,
      "20":9.1656617996,
      "21":9.2632885265,
      "22":9.3556591401,
      "23":9.4429340761,
      "24":9.5260667345,
      "25":9.6032308477,
      "26":9.6706857495,
      "27":9.7259722828,
      "28":9.769441449,
      "29":9.8047339627,
      "30":9.8375115664,
      "31":9.8695973071,
      "32":9.8947206996,
      "33":9.9048552878,
      "34":9.8944830218,
      "35":9.8607510814,
      "36":9.8030592487,
      "37":9.7225983926,
      "38":9.6223445996,
      "39":9.5081619088
   },
   "alpha_std":{
      "0":19.8633102975,
      "1":19.9605707494,
      "2":20.0448397058,
      "3":20.1117020037,
      "4":20.1746124512,
      "5":20.2360225979,
      "6":20.2934651598,
      "7":20.3361604038,
      "8":20.3609501557,
      "9":20.374051561,
      "10":20.3769194782,
      "11":20.3719062834,
      "12":20.3621543911,
      "13":20.34693774,
      "14":20.3245560439,
      "15":20.2924600468,
      "16":20.2502651561,
      "17":20.19738625,
      "18":20.1358571066,
      "19":20.044551977,
      "20":19.9181810826,
      "21":19.7824882642,
      "22":19.6386697985,